Prediction,count,percentage
Low Risk,130568,65.95809169714482
High Risk,67388,34.04190830285518
