prediction_text,count,percentage
Low Risk,182699,92.29273171815959
High  Risk,15257,7.707268281840409
